myMethod,Hello World
myMethod,Hello World
DBExecuteSQL.insertData,An error occurred:no such table: customer
DBExecuteSQL.executeSqlSelect,An error occurred:no such table: customer
DBExecuteSQL.executeSqlSelect,With command:Select * from customer
DBExecuteSQL.executeSqlSelect,An error occurred:no such table: customer
DBExecuteSQL.executeSqlSelect,With command:Select * from customer
DBExecuteSQL.insertData,An error occurred:no such table: customer
DBExecuteSQL.executeSqlSelect,An error occurred:no such table: customer
DBExecuteSQL.executeSqlSelect,With command:Select * from customer
DBExecuteSQL.executeSqlSelect,An error occurred:no such table: customer
DBExecuteSQL.executeSqlSelect,With command:Select * from customer
